0,1,2,3,4,5,6
41.5,8.5,2024-09-09 00:00:00+00:00,25.620771408081055,26.88214111328125,289.70806884765625,290.37652587890625
41.5,8.55,2024-09-09 00:00:00+00:00,25.620771408081055,26.88214111328125,289.70806884765625,290.37652587890625
41.5,8.6,2024-09-09 00:00:00+00:00,25.620771408081055,26.88214111328125,289.70806884765625,290.37652587890625
41.5,8.65,2024-09-09 00:00:00+00:00,24.033876419067383,25.9649600982666,286.534912109375,286.9275817871094
41.5,8.7,2024-09-09 00:00:00+00:00,24.033876419067383,25.9649600982666,286.534912109375,286.9275817871094
41.5,8.75,2024-09-09 00:00:00+00:00,24.033876419067383,25.9649600982666,286.534912109375,286.9275817871094
41.5,8.8,2024-09-09 00:00:00+00:00,17.418195724487305,26.20839500427246,288.060546875,290.924560546875
41.5,8.85,2024-09-09 00:00:00+00:00,17.418195724487305,26.20839500427246,288.060546875,290.924560546875
41.5,8.9,2024-09-09 00:00:00+00:00,17.418195724487305,26.20839500427246,288.060546875,290.924560546875
41.5,8.95,2024-09-09 00:00:00+00:00,17.418195724487305,26.20839500427246,288.060546875,290.924560546875
41.5,9.0,2024-09-09 00:00:00+00:00,17.418195724487305,26.20839500427246,288.060546875,290.924560546875
41.5,9.05,2024-09-09 00:00:00+00:00,17.418195724487305,26.20839500427246,288.060546875,290.924560546875
41.5,9.1,2024-09-09 00:00:00+00:00,17.418195724487305,26.20839500427246,288.060546875,290.924560546875
41.5,9.15,2024-09-09 00:00:00+00:00,18.003599166870117,28.55142593383789,268.854248046875,275.06353759765625
41.5,9.2,2024-09-09 00:00:00+00:00,15.59676742553711,26.072052001953125,288.8532409667969,287.6844787597656
41.5,9.25,2024-09-09 00:00:00+00:00,18.003599166870117,28.55142593383789,268.854248046875,275.06353759765625
41.5,9.3,2024-09-09 00:00:00+00:00,18.003599166870117,28.55142593383789,268.854248046875,275.06353759765625
41.5,9.35,2024-09-09 00:00:00+00:00,18.003599166870117,28.55142593383789,268.854248046875,275.06353759765625
41.5,9.4,2024-09-09 00:00:00+00:00,18.003599166870117,28.55142593383789,268.854248046875,275.06353759765625
41.5,9.45,2024-09-09 00:00:00+00:00,38.2515869140625,44.30925750732422,251.906005859375,253.47903442382812
41.5,9.5,2024-09-09 00:00:00+00:00,38.2515869140625,44.30925750732422,251.906005859375,253.47903442382812
41.55,8.5,2024-09-09 00:00:00+00:00,25.68392562866211,27.475807189941406,301.2391662597656,301.6074523925781
41.55,8.55,2024-09-09 00:00:00+00:00,24.203140258789062,24.675106048583984,292.7510070800781,293.1986083984375
41.55,8.6,2024-09-09 00:00:00+00:00,24.203140258789062,24.675106048583984,292.7510070800781,293.1986083984375
41.55,8.65,2024-09-09 00:00:00+00:00,14.372974395751953,21.46155548095703,292.0679626464844,292.6938171386719
41.55,8.7,2024-09-09 00:00:00+00:00,14.372974395751953,21.46155548095703,292.0679626464844,292.6938171386719
41.55,8.75,2024-09-09 00:00:00+00:00,14.372974395751953,21.46155548095703,292.0679626464844,292.6938171386719
41.55,8.8,2024-09-09 00:00:00+00:00,14.372974395751953,21.46155548095703,292.0679626464844,292.6938171386719
41.55,8.85,2024-09-09 00:00:00+00:00,14.372974395751953,21.46155548095703,292.0679626464844,292.6938171386719
41.55,8.9,2024-09-09 00:00:00+00:00,14.372974395751953,21.46155548095703,292.0679626464844,292.6938171386719
41.55,8.95,2024-09-09 00:00:00+00:00,10.630672454833984,18.998315811157227,298.3006591796875,297.0505065917969
41.55,9.0,2024-09-09 00:00:00+00:00,10.144082069396973,19.052810668945312,297.4743347167969,292.2035217285156
41.55,9.05,2024-09-09 00:00:00+00:00,10.144082069396973,19.052810668945312,297.4743347167969,292.2035217285156
41.55,9.1,2024-09-09 00:00:00+00:00,10.144082069396973,19.052810668945312,297.4743347167969,292.2035217285156
41.55,9.15,2024-09-09 00:00:00+00:00,10.630672454833984,18.998315811157227,298.3006591796875,297.0505065917969
41.55,9.2,2024-09-09 00:00:00+00:00,13.084402084350586,21.602998733520508,262.0929260253906,270.9548034667969
41.55,9.25,2024-09-09 00:00:00+00:00,13.084402084350586,21.602998733520508,262.0929260253906,270.9548034667969
41.55,9.3,2024-09-09 00:00:00+00:00,13.084402084350586,21.602998733520508,262.0929260253906,270.9548034667969
41.55,9.35,2024-09-09 00:00:00+00:00,13.084402084350586,21.602998733520508,262.0929260253906,270.9548034667969
41.55,9.4,2024-09-09 00:00:00+00:00,13.084402084350586,21.602998733520508,262.0929260253906,270.9548034667969
41.55,9.45,2024-09-09 00:00:00+00:00,34.3493537902832,39.45737838745117,236.9761199951172,238.05006408691406
41.55,9.5,2024-09-09 00:00:00+00:00,34.3493537902832,39.45737838745117,236.9761199951172,238.05006408691406
41.6,8.5,2024-09-09 00:00:00+00:00,25.68392562866211,27.475807189941406,301.2391662597656,301.6074523925781
41.6,8.55,2024-09-09 00:00:00+00:00,24.203140258789062,24.675106048583984,292.7510070800781,293.1986083984375
41.6,8.6,2024-09-09 00:00:00+00:00,24.203140258789062,24.675106048583984,292.7510070800781,293.1986083984375
41.6,8.65,2024-09-09 00:00:00+00:00,14.372974395751953,21.46155548095703,292.0679626464844,292.6938171386719
41.6,8.7,2024-09-09 00:00:00+00:00,14.372974395751953,21.46155548095703,292.0679626464844,292.6938171386719
41.6,8.75,2024-09-09 00:00:00+00:00,14.372974395751953,21.46155548095703,292.0679626464844,292.6938171386719
41.6,8.8,2024-09-09 00:00:00+00:00,14.372974395751953,21.46155548095703,292.0679626464844,292.6938171386719
41.6,8.85,2024-09-09 00:00:00+00:00,10.630672454833984,18.998315811157227,298.3006591796875,297.0505065917969
41.6,8.9,2024-09-09 00:00:00+00:00,10.144082069396973,19.052810668945312,297.4743347167969,292.2035217285156
41.6,8.95,2024-09-09 00:00:00+00:00,10.144082069396973,19.052810668945312,297.4743347167969,292.2035217285156
41.6,9.0,2024-09-09 00:00:00+00:00,10.630672454833984,18.998315811157227,298.3006591796875,297.0505065917969
41.6,9.05,2024-09-09 00:00:00+00:00,10.144082069396973,19.052810668945312,297.4743347167969,292.2035217285156
41.6,9.1,2024-09-09 00:00:00+00:00,10.144082069396973,19.052810668945312,297.4743347167969,292.2035217285156
41.6,9.15,2024-09-09 00:00:00+00:00,10.144082069396973,19.052810668945312,297.4743347167969,292.2035217285156
41.6,9.2,2024-09-09 00:00:00+00:00,13.084402084350586,21.602998733520508,262.0929260253906,270.9548034667969
41.6,9.25,2024-09-09 00:00:00+00:00,13.084402084350586,21.602998733520508,262.0929260253906,270.9548034667969
41.6,9.3,2024-09-09 00:00:00+00:00,13.084402084350586,21.602998733520508,262.0929260253906,270.9548034667969
41.6,9.35,2024-09-09 00:00:00+00:00,13.084402084350586,21.602998733520508,262.0929260253906,270.9548034667969
41.6,9.4,2024-09-09 00:00:00+00:00,13.084402084350586,21.602998733520508,262.0929260253906,270.9548034667969
41.6,9.45,2024-09-09 00:00:00+00:00,34.3493537902832,39.45737838745117,236.9761199951172,238.05006408691406
41.6,9.5,2024-09-09 00:00:00+00:00,34.3493537902832,39.45737838745117,236.9761199951172,238.05006408691406
41.65,8.5,2024-09-09 00:00:00+00:00,26.260265350341797,27.75737762451172,303.2543640136719,303.8962097167969
41.65,8.55,2024-09-09 00:00:00+00:00,25.60053253173828,25.60053253173828,295.8443298339844,295.8443298339844
41.65,8.6,2024-09-09 00:00:00+00:00,25.60053253173828,25.60053253173828,295.8443298339844,295.8443298339844
41.65,8.65,2024-09-09 00:00:00+00:00,21.129884719848633,22.79684066772461,293.0704345703125,291.29742431640625
41.65,8.7,2024-09-09 00:00:00+00:00,21.129884719848633,22.79684066772461,293.0704345703125,291.29742431640625
41.65,8.75,2024-09-09 00:00:00+00:00,21.129884719848633,22.79684066772461,293.0704345703125,291.29742431640625
41.65,8.8,2024-09-09 00:00:00+00:00,6.369049549102783,13.089353561401367,312.7093811035156,301.50421142578125
41.65,8.85,2024-09-09 00:00:00+00:00,6.369049549102783,13.089353561401367,312.7093811035156,301.50421142578125
41.65,8.9,2024-09-09 00:00:00+00:00,6.369049549102783,13.089353561401367,312.7093811035156,301.50421142578125
41.65,8.95,2024-09-09 00:00:00+00:00,6.369049549102783,13.089353561401367,312.7093811035156,301.50421142578125
41.65,9.0,2024-09-09 00:00:00+00:00,6.369049549102783,13.089353561401367,312.7093811035156,301.50421142578125
41.65,9.05,2024-09-09 00:00:00+00:00,9.199390411376953,17.55161476135254,300.5791320800781,295.5138244628906
41.65,9.1,2024-09-09 00:00:00+00:00,9.199390411376953,17.55161476135254,300.5791320800781,295.5138244628906
41.65,9.15,2024-09-09 00:00:00+00:00,9.199390411376953,17.55161476135254,300.5791320800781,295.5138244628906
41.65,9.2,2024-09-09 00:00:00+00:00,9.199390411376953,17.55161476135254,300.5791320800781,295.5138244628906
41.65,9.25,2024-09-09 00:00:00+00:00,12.261157989501953,20.211362838745117,266.63360595703125,274.0855407714844
41.65,9.3,2024-09-09 00:00:00+00:00,12.261157989501953,20.211362838745117,266.63360595703125,274.0855407714844
41.65,9.35,2024-09-09 00:00:00+00:00,12.261157989501953,20.211362838745117,266.63360595703125,274.0855407714844
41.65,9.4,2024-09-09 00:00:00+00:00,12.261157989501953,20.211362838745117,266.63360595703125,274.0855407714844
41.65,9.45,2024-09-09 00:00:00+00:00,30.302080154418945,35.49424743652344,226.44406127929688,229.52484130859375
41.65,9.5,2024-09-09 00:00:00+00:00,30.302080154418945,35.49424743652344,226.44406127929688,229.52484130859375
41.7,8.5,2024-09-09 00:00:00+00:00,26.661880493164062,28.257131576538086,304.5484313964844,304.09503173828125
41.7,8.55,2024-09-09 00:00:00+00:00,27.381305694580078,27.69895362854004,298.2496337890625,297.8971862792969
41.7,8.6,2024-09-09 00:00:00+00:00,27.381305694580078,27.69895362854004,298.2496337890625,297.8971862792969
41.7,8.65,2024-09-09 00:00:00+00:00,27.381305694580078,27.69895362854004,298.2496337890625,297.8971862792969
41.7,8.7,2024-09-09 00:00:00+00:00,7.091177463531494,10.829957962036133,293.9624938964844,291.44781494140625
41.7,8.75,2024-09-09 00:00:00+00:00,7.091177463531494,10.829957962036133,293.9624938964844,291.44781494140625
41.7,8.8,2024-09-09 00:00:00+00:00,7.091177463531494,10.829957962036133,293.9624938964844,291.44781494140625
41.7,8.85,2024-09-09 00:00:00+00:00,7.091177463531494,10.829957962036133,293.9624938964844,291.44781494140625
41.7,8.9,2024-09-09 00:00:00+00:00,7.091177463531494,10.829957962036133,293.9624938964844,291.44781494140625
41.7,8.95,2024-09-09 00:00:00+00:00,7.091177463531494,10.829957962036133,293.9624938964844,291.44781494140625
41.7,9.0,2024-09-09 00:00:00+00:00,4.33497428894043,9.08598804473877,311.6334533691406,303.6900939941406
41.7,9.05,2024-09-09 00:00:00+00:00,7.091177463531494,10.829957962036133,293.9624938964844,291.44781494140625
41.7,9.1,2024-09-09 00:00:00+00:00,10.966712951660156,19.665359497070312,293.1986083984375,293.74951171875
41.7,9.15,2024-09-09 00:00:00+00:00,12.429126739501953,21.322214126586914,280.0079040527344,281.6893310546875
41.7,9.2,2024-09-09 00:00:00+00:00,10.966712951660156,19.665359497070312,293.1986083984375,293.74951171875
41.7,9.25,2024-09-09 00:00:00+00:00,10.966712951660156,19.665359497070312,293.1986083984375,293.74951171875
41.7,9.3,2024-09-09 00:00:00+00:00,12.429126739501953,21.322214126586914,280.0079040527344,281.6893310546875
41.7,9.35,2024-09-09 00:00:00+00:00,10.464797019958496,17.25373077392578,229.1850128173828,246.6444091796875
41.7,9.4,2024-09-09 00:00:00+00:00,10.464797019958496,17.25373077392578,229.1850128173828,246.6444091796875
41.7,9.45,2024-09-09 00:00:00+00:00,10.464797019958496,17.25373077392578,229.1850128173828,246.6444091796875
41.7,9.5,2024-09-09 00:00:00+00:00,10.464797019958496,17.25373077392578,229.1850128173828,246.6444091796875
41.75,8.5,2024-09-09 00:00:00+00:00,26.661880493164062,28.257131576538086,304.5484313964844,304.09503173828125
41.75,8.55,2024-09-09 00:00:00+00:00,27.381305694580078,27.69895362854004,298.2496337890625,297.8971862792969
41.75,8.6,2024-09-09 00:00:00+00:00,27.381305694580078,27.69895362854004,298.2496337890625,297.8971862792969
41.75,8.65,2024-09-09 00:00:00+00:00,27.381305694580078,27.69895362854004,298.2496337890625,297.8971862792969
41.75,8.7,2024-09-09 00:00:00+00:00,7.091177463531494,10.829957962036133,293.9624938964844,291.44781494140625
41.75,8.75,2024-09-09 00:00:00+00:00,7.091177463531494,10.829957962036133,293.9624938964844,291.44781494140625
41.75,8.8,2024-09-09 00:00:00+00:00,7.091177463531494,10.829957962036133,293.9624938964844,291.44781494140625
41.75,8.85,2024-09-09 00:00:00+00:00,7.091177463531494,10.829957962036133,293.9624938964844,291.44781494140625
41.75,8.9,2024-09-09 00:00:00+00:00,7.091177463531494,10.829957962036133,293.9624938964844,291.44781494140625
41.75,8.95,2024-09-09 00:00:00+00:00,10.966712951660156,19.665359497070312,293.1986083984375,293.74951171875
41.75,9.0,2024-09-09 00:00:00+00:00,10.966712951660156,19.665359497070312,293.1986083984375,293.74951171875
41.75,9.05,2024-09-09 00:00:00+00:00,10.966712951660156,19.665359497070312,293.1986083984375,293.74951171875
41.75,9.1,2024-09-09 00:00:00+00:00,10.966712951660156,19.665359497070312,293.1986083984375,293.74951171875
41.75,9.15,2024-09-09 00:00:00+00:00,12.429126739501953,21.322214126586914,280.0079040527344,281.6893310546875
41.75,9.2,2024-09-09 00:00:00+00:00,10.966712951660156,19.665359497070312,293.1986083984375,293.74951171875
41.75,9.25,2024-09-09 00:00:00+00:00,10.966712951660156,19.665359497070312,293.1986083984375,293.74951171875
41.75,9.3,2024-09-09 00:00:00+00:00,12.429126739501953,21.322214126586914,280.0079040527344,281.6893310546875
41.75,9.35,2024-09-09 00:00:00+00:00,10.464797019958496,17.25373077392578,229.1850128173828,246.6444091796875
41.75,9.4,2024-09-09 00:00:00+00:00,10.464797019958496,17.25373077392578,229.1850128173828,246.6444091796875
41.75,9.45,2024-09-09 00:00:00+00:00,10.464797019958496,17.25373077392578,229.1850128173828,246.6444091796875
41.75,9.5,2024-09-09 00:00:00+00:00,10.464797019958496,17.25373077392578,229.1850128173828,246.6444091796875
41.8,8.5,2024-09-09 00:00:00+00:00,25.488914489746094,27.579381942749023,306.38446044921875,305.97247314453125
41.8,8.55,2024-09-09 00:00:00+00:00,18.67147445678711,20.268991470336914,289.13372802734375,289.72235107421875
41.8,8.6,2024-09-09 00:00:00+00:00,18.67147445678711,20.268991470336914,289.13372802734375,289.72235107421875
41.8,8.65,2024-09-09 00:00:00+00:00,18.67147445678711,20.268991470336914,289.13372802734375,289.72235107421875
41.8,8.7,2024-09-09 00:00:00+00:00,18.67147445678711,20.268991470336914,289.13372802734375,289.72235107421875
41.8,8.75,2024-09-09 00:00:00+00:00,18.67147445678711,20.268991470336914,289.13372802734375,289.72235107421875
41.8,8.8,2024-09-09 00:00:00+00:00,2.6208393573760986,4.896529197692871,285.9454650878906,287.1028137207031
41.8,8.85,2024-09-09 00:00:00+00:00,2.4149534702301025,5.634891033172607,296.5649719238281,296.5649719238281
41.8,8.9,2024-09-09 00:00:00+00:00,2.4149534702301025,5.634891033172607,296.5649719238281,296.5649719238281
41.8,8.95,2024-09-09 00:00:00+00:00,2.6208393573760986,4.896529197692871,285.9454650878906,287.1028137207031
41.8,9.0,2024-09-09 00:00:00+00:00,2.4149534702301025,5.634891033172607,296.5649719238281,296.5649719238281
41.8,9.05,2024-09-09 00:00:00+00:00,11.874544143676758,20.2753849029541,284.0362548828125,286.5044250488281
41.8,9.1,2024-09-09 00:00:00+00:00,11.874544143676758,20.2753849029541,284.0362548828125,286.5044250488281
41.8,9.15,2024-09-09 00:00:00+00:00,11.874544143676758,20.2753849029541,284.0362548828125,286.5044250488281
41.8,9.2,2024-09-09 00:00:00+00:00,11.874544143676758,20.2753849029541,284.0362548828125,286.5044250488281
41.8,9.25,2024-09-09 00:00:00+00:00,11.17740535736084,19.645580291748047,284.93145751953125,283.7816162109375
41.8,9.3,2024-09-09 00:00:00+00:00,11.17740535736084,19.645580291748047,284.93145751953125,283.7816162109375
41.8,9.35,2024-09-09 00:00:00+00:00,4.104631423950195,8.404284477233887,232.1249542236328,260.1342468261719
41.8,9.4,2024-09-09 00:00:00+00:00,4.104631423950195,8.404284477233887,232.1249542236328,260.1342468261719
41.8,9.45,2024-09-09 00:00:00+00:00,4.104631423950195,8.404284477233887,232.1249542236328,260.1342468261719
41.8,9.5,2024-09-09 00:00:00+00:00,4.104631423950195,8.404284477233887,232.1249542236328,260.1342468261719
41.85,8.5,2024-09-09 00:00:00+00:00,23.113008499145508,25.92249870300293,307.4054260253906,307.6656799316406
41.85,8.55,2024-09-09 00:00:00+00:00,23.113008499145508,25.92249870300293,307.4054260253906,307.6656799316406
41.85,8.6,2024-09-09 00:00:00+00:00,21.26134490966797,26.121713638305664,298.3006591796875,299.7447814941406
41.85,8.65,2024-09-09 00:00:00+00:00,21.26134490966797,26.121713638305664,298.3006591796875,299.7447814941406
41.85,8.7,2024-09-09 00:00:00+00:00,1.4843180179595947,1.527350664138794,104.03627014160156,135.00010681152344
41.85,8.75,2024-09-09 00:00:00+00:00,1.4843180179595947,1.527350664138794,104.03627014160156,135.00010681152344
41.85,8.8,2024-09-09 00:00:00+00:00,1.4843180179595947,1.527350664138794,104.03627014160156,135.00010681152344
41.85,8.85,2024-09-09 00:00:00+00:00,1.4843180179595947,1.527350664138794,104.03627014160156,135.00010681152344
41.85,8.9,2024-09-09 00:00:00+00:00,1.1384198665618896,3.3190360069274902,251.56495666503906,257.47119140625
41.85,8.95,2024-09-09 00:00:00+00:00,1.4843180179595947,1.527350664138794,104.03627014160156,135.00010681152344
41.85,9.0,2024-09-09 00:00:00+00:00,1.4843180179595947,1.527350664138794,104.03627014160156,135.00010681152344
41.85,9.05,2024-09-09 00:00:00+00:00,1.4843180179595947,1.527350664138794,104.03627014160156,135.00010681152344
41.85,9.1,2024-09-09 00:00:00+00:00,11.519999504089355,19.4699764251709,270.0,273.1797790527344
41.85,9.15,2024-09-09 00:00:00+00:00,11.519999504089355,19.4699764251709,270.0,273.1797790527344
41.85,9.2,2024-09-09 00:00:00+00:00,11.519999504089355,19.4699764251709,270.0,273.1797790527344
41.85,9.25,2024-09-09 00:00:00+00:00,11.519999504089355,19.4699764251709,270.0,273.1797790527344
41.85,9.3,2024-09-09 00:00:00+00:00,7.56856632232666,14.081478118896484,272.72625732421875,274.39862060546875
41.85,9.35,2024-09-09 00:00:00+00:00,7.56856632232666,14.081478118896484,272.72625732421875,274.39862060546875
41.85,9.4,2024-09-09 00:00:00+00:00,7.56856632232666,14.081478118896484,272.72625732421875,274.39862060546875
41.85,9.45,2024-09-09 00:00:00+00:00,7.56856632232666,14.081478118896484,272.72625732421875,274.39862060546875
41.85,9.5,2024-09-09 00:00:00+00:00,8.766572952270508,8.31124496459961,199.17910766601562,184.9696502685547
41.9,8.5,2024-09-09 00:00:00+00:00,15.778517723083496,23.358423233032227,297.14959716796875,298.5398864746094
41.9,8.55,2024-09-09 00:00:00+00:00,15.778517723083496,23.358423233032227,297.14959716796875,298.5398864746094
41.9,8.6,2024-09-09 00:00:00+00:00,15.778517723083496,23.358423233032227,297.14959716796875,298.5398864746094
41.9,8.65,2024-09-09 00:00:00+00:00,15.778517723083496,23.358423233032227,297.14959716796875,298.5398864746094
41.9,8.7,2024-09-09 00:00:00+00:00,15.778517723083496,23.358423233032227,297.14959716796875,298.5398864746094
41.9,8.75,2024-09-09 00:00:00+00:00,15.778517723083496,23.358423233032227,297.14959716796875,298.5398864746094
41.9,8.8,2024-09-09 00:00:00+00:00,15.778517723083496,23.358423233032227,297.14959716796875,298.5398864746094
41.9,8.85,2024-09-09 00:00:00+00:00,4.452953815460205,9.53150463104248,284.0362548828125,280.8854675292969
41.9,8.9,2024-09-09 00:00:00+00:00,3.545588731765747,6.4096174240112305,113.96249389648438,128.1572723388672
41.9,8.95,2024-09-09 00:00:00+00:00,2.741678237915039,5.116561412811279,203.19862365722656,230.7106170654297
41.9,9.0,2024-09-09 00:00:00+00:00,2.741678237915039,5.116561412811279,203.19862365722656,230.7106170654297
41.9,9.05,2024-09-09 00:00:00+00:00,2.741678237915039,5.116561412811279,203.19862365722656,230.7106170654297
41.9,9.1,2024-09-09 00:00:00+00:00,3.7064266204833984,10.58791732788086,240.9454803466797,252.18101501464844
41.9,9.15,2024-09-09 00:00:00+00:00,11.525623321533203,19.602651596069336,255.5296630859375,262.6140441894531
41.9,9.2,2024-09-09 00:00:00+00:00,11.525623321533203,19.602651596069336,255.5296630859375,262.6140441894531
41.9,9.25,2024-09-09 00:00:00+00:00,3.7064266204833984,10.58791732788086,240.9454803466797,252.18101501464844
41.9,9.3,2024-09-09 00:00:00+00:00,3.7064266204833984,10.58791732788086,240.9454803466797,252.18101501464844
41.9,9.35,2024-09-09 00:00:00+00:00,3.7064266204833984,10.58791732788086,240.9454803466797,252.18101501464844
41.9,9.4,2024-09-09 00:00:00+00:00,3.7064266204833984,10.58791732788086,240.9454803466797,252.18101501464844
41.9,9.45,2024-09-09 00:00:00+00:00,3.7064266204833984,10.58791732788086,240.9454803466797,252.18101501464844
41.9,9.5,2024-09-09 00:00:00+00:00,8.766572952270508,10.086426734924316,160.82089233398438,145.17544555664062
41.95,8.5,2024-09-09 00:00:00+00:00,15.778517723083496,23.358423233032227,297.14959716796875,298.5398864746094
41.95,8.55,2024-09-09 00:00:00+00:00,15.778517723083496,23.358423233032227,297.14959716796875,298.5398864746094
41.95,8.6,2024-09-09 00:00:00+00:00,15.778517723083496,23.358423233032227,297.14959716796875,298.5398864746094
41.95,8.65,2024-09-09 00:00:00+00:00,4.452953815460205,9.53150463104248,284.0362548828125,280.8854675292969
41.95,8.7,2024-09-09 00:00:00+00:00,3.545588731765747,6.4096174240112305,113.96249389648438,128.1572723388672
41.95,8.75,2024-09-09 00:00:00+00:00,4.452953815460205,9.53150463104248,284.0362548828125,280.8854675292969
41.95,8.8,2024-09-09 00:00:00+00:00,15.778517723083496,23.358423233032227,297.14959716796875,298.5398864746094
41.95,8.85,2024-09-09 00:00:00+00:00,4.452953815460205,9.53150463104248,284.0362548828125,280.8854675292969
41.95,8.9,2024-09-09 00:00:00+00:00,3.545588731765747,6.4096174240112305,113.96249389648438,128.1572723388672
41.95,8.95,2024-09-09 00:00:00+00:00,3.545588731765747,6.4096174240112305,113.96249389648438,128.1572723388672
41.95,9.0,2024-09-09 00:00:00+00:00,2.741678237915039,5.116561412811279,203.19862365722656,230.7106170654297
41.95,9.05,2024-09-09 00:00:00+00:00,11.525623321533203,19.602651596069336,255.5296630859375,262.6140441894531
41.95,9.1,2024-09-09 00:00:00+00:00,2.741678237915039,5.116561412811279,203.19862365722656,230.7106170654297
41.95,9.15,2024-09-09 00:00:00+00:00,3.7064266204833984,10.58791732788086,240.9454803466797,252.18101501464844
41.95,9.2,2024-09-09 00:00:00+00:00,11.525623321533203,19.602651596069336,255.5296630859375,262.6140441894531
41.95,9.25,2024-09-09 00:00:00+00:00,3.7064266204833984,10.58791732788086,240.9454803466797,252.18101501464844
41.95,9.3,2024-09-09 00:00:00+00:00,3.7064266204833984,10.58791732788086,240.9454803466797,252.18101501464844
41.95,9.35,2024-09-09 00:00:00+00:00,3.7064266204833984,10.58791732788086,240.9454803466797,252.18101501464844
41.95,9.4,2024-09-09 00:00:00+00:00,3.7064266204833984,10.58791732788086,240.9454803466797,252.18101501464844
41.95,9.45,2024-09-09 00:00:00+00:00,3.7064266204833984,10.58791732788086,240.9454803466797,252.18101501464844
41.95,9.5,2024-09-09 00:00:00+00:00,8.766572952270508,10.086426734924316,160.82089233398438,145.17544555664062
42.0,8.5,2024-09-09 00:00:00+00:00,21.924562454223633,24.387178421020508,299.5113830566406,301.1087341308594
42.0,8.55,2024-09-09 00:00:00+00:00,21.924562454223633,24.387178421020508,299.5113830566406,301.1087341308594
42.0,8.6,2024-09-09 00:00:00+00:00,1.8356469869613647,4.680000305175781,258.6900939941406,247.38009643554688
42.0,8.65,2024-09-09 00:00:00+00:00,1.8356469869613647,4.680000305175781,258.6900939941406,247.38009643554688
42.0,8.7,2024-09-09 00:00:00+00:00,1.8356469869613647,4.680000305175781,258.6900939941406,247.38009643554688
42.0,8.75,2024-09-09 00:00:00+00:00,1.8356469869613647,4.680000305175781,258.6900939941406,247.38009643554688
42.0,8.8,2024-09-09 00:00:00+00:00,4.394360065460205,8.161764144897461,124.99209594726562,138.57643127441406
42.0,8.85,2024-09-09 00:00:00+00:00,1.8356469869613647,4.680000305175781,258.6900939941406,247.38009643554688
42.0,8.9,2024-09-09 00:00:00+00:00,1.8356469869613647,4.680000305175781,258.6900939941406,247.38009643554688
42.0,8.95,2024-09-09 00:00:00+00:00,5.191993713378906,8.854828834533691,236.30990600585938,243.4350128173828
42.0,9.0,2024-09-09 00:00:00+00:00,5.191993713378906,8.854828834533691,236.30990600585938,243.4350128173828
42.0,9.05,2024-09-09 00:00:00+00:00,5.191993713378906,8.854828834533691,236.30990600585938,243.4350128173828
42.0,9.1,2024-09-09 00:00:00+00:00,11.966954231262207,20.00835609436035,254.29129028320312,261.72418212890625
42.0,9.15,2024-09-09 00:00:00+00:00,11.966954231262207,20.00835609436035,254.29129028320312,261.72418212890625
42.0,9.2,2024-09-09 00:00:00+00:00,11.966954231262207,20.00835609436035,254.29129028320312,261.72418212890625
42.0,9.25,2024-09-09 00:00:00+00:00,11.966954231262207,20.00835609436035,254.29129028320312,261.72418212890625
42.0,9.3,2024-09-09 00:00:00+00:00,3.096837043762207,9.08598804473877,215.5377655029297,236.30990600585938
42.0,9.35,2024-09-09 00:00:00+00:00,3.826852560043335,8.43506908416748,138.81417846679688,140.19447326660156
42.0,9.4,2024-09-09 00:00:00+00:00,3.826852560043335,8.43506908416748,138.81417846679688,140.19447326660156
42.0,9.45,2024-09-09 00:00:00+00:00,3.826852560043335,8.43506908416748,138.81417846679688,140.19447326660156
42.0,9.5,2024-09-09 00:00:00+00:00,3.826852560043335,8.43506908416748,138.81417846679688,140.19447326660156
42.0,8.5,2024-09-09 00:00:00+00:00,21.924562454223633,24.387178421020508,299.5113830566406,301.1087341308594
42.0,8.55,2024-09-09 00:00:00+00:00,21.924562454223633,24.387178421020508,299.5113830566406,301.1087341308594
42.0,8.6,2024-09-09 00:00:00+00:00,1.8356469869613647,4.680000305175781,258.6900939941406,247.38009643554688
42.0,8.65,2024-09-09 00:00:00+00:00,1.8356469869613647,4.680000305175781,258.6900939941406,247.38009643554688
42.0,8.7,2024-09-09 00:00:00+00:00,1.8356469869613647,4.680000305175781,258.6900939941406,247.38009643554688
42.0,8.75,2024-09-09 00:00:00+00:00,1.8356469869613647,4.680000305175781,258.6900939941406,247.38009643554688
42.0,8.8,2024-09-09 00:00:00+00:00,4.394360065460205,8.161764144897461,124.99209594726562,138.57643127441406
42.0,8.85,2024-09-09 00:00:00+00:00,1.8356469869613647,4.680000305175781,258.6900939941406,247.38009643554688
42.0,8.9,2024-09-09 00:00:00+00:00,1.8356469869613647,4.680000305175781,258.6900939941406,247.38009643554688
42.0,8.95,2024-09-09 00:00:00+00:00,5.191993713378906,8.854828834533691,236.30990600585938,243.4350128173828
42.0,9.0,2024-09-09 00:00:00+00:00,5.191993713378906,8.854828834533691,236.30990600585938,243.4350128173828
42.0,9.05,2024-09-09 00:00:00+00:00,5.191993713378906,8.854828834533691,236.30990600585938,243.4350128173828
42.0,9.1,2024-09-09 00:00:00+00:00,11.966954231262207,20.00835609436035,254.29129028320312,261.72418212890625
42.0,9.15,2024-09-09 00:00:00+00:00,11.966954231262207,20.00835609436035,254.29129028320312,261.72418212890625
42.0,9.2,2024-09-09 00:00:00+00:00,11.966954231262207,20.00835609436035,254.29129028320312,261.72418212890625
42.0,9.25,2024-09-09 00:00:00+00:00,11.966954231262207,20.00835609436035,254.29129028320312,261.72418212890625
42.0,9.3,2024-09-09 00:00:00+00:00,3.096837043762207,9.08598804473877,215.5377655029297,236.30990600585938
42.0,9.35,2024-09-09 00:00:00+00:00,3.826852560043335,8.43506908416748,138.81417846679688,140.19447326660156
42.0,9.4,2024-09-09 00:00:00+00:00,3.826852560043335,8.43506908416748,138.81417846679688,140.19447326660156
42.0,9.45,2024-09-09 00:00:00+00:00,3.826852560043335,8.43506908416748,138.81417846679688,140.19447326660156
42.0,9.5,2024-09-09 00:00:00+00:00,3.826852560043335,8.43506908416748,138.81417846679688,140.19447326660156
42.05,8.5,2024-09-09 00:00:00+00:00,21.252199172973633,22.702844619750977,296.1309509277344,297.37762451171875
42.05,8.55,2024-09-09 00:00:00+00:00,21.252199172973633,22.702844619750977,296.1309509277344,297.37762451171875
42.05,8.6,2024-09-09 00:00:00+00:00,1.4843180179595947,4.0249223709106445,194.03627014160156,190.30479431152344
42.05,8.65,2024-09-09 00:00:00+00:00,1.4843180179595947,4.0249223709106445,194.03627014160156,190.30479431152344
42.05,8.7,2024-09-09 00:00:00+00:00,1.4843180179595947,4.0249223709106445,194.03627014160156,190.30479431152344
42.05,8.75,2024-09-09 00:00:00+00:00,1.4843180179595947,4.0249223709106445,194.03627014160156,190.30479431152344
42.05,8.8,2024-09-09 00:00:00+00:00,1.4843180179595947,4.0249223709106445,194.03627014160156,190.30479431152344
42.05,8.85,2024-09-09 00:00:00+00:00,4.379589080810547,8.121970176696777,170.53775024414062,167.19573974609375
42.05,8.9,2024-09-09 00:00:00+00:00,4.379589080810547,8.121970176696777,170.53775024414062,167.19573974609375
42.05,8.95,2024-09-09 00:00:00+00:00,1.4843180179595947,4.0249223709106445,194.03627014160156,190.30479431152344
42.05,9.0,2024-09-09 00:00:00+00:00,4.379589080810547,8.121970176696777,170.53775024414062,167.19573974609375
42.05,9.05,2024-09-09 00:00:00+00:00,10.661107063293457,17.41447639465332,258.3106689453125,262.8750915527344
42.05,9.1,2024-09-09 00:00:00+00:00,7.968938827514648,13.10419750213623,251.56495666503906,249.07542419433594
42.05,9.15,2024-09-09 00:00:00+00:00,7.968938827514648,13.10419750213623,251.56495666503906,249.07542419433594
42.05,9.2,2024-09-09 00:00:00+00:00,10.661107063293457,17.41447639465332,258.3106689453125,262.8750915527344
42.05,9.25,2024-09-09 00:00:00+00:00,10.661107063293457,17.41447639465332,258.3106689453125,262.8750915527344
42.05,9.3,2024-09-09 00:00:00+00:00,2.811689853668213,6.877789497375488,219.80552673339844,222.87889099121094
42.05,9.35,2024-09-09 00:00:00+00:00,3.9600000381469727,9.346142768859863,180.0,164.35769653320312
42.05,9.4,2024-09-09 00:00:00+00:00,3.9600000381469727,9.346142768859863,180.0,164.35769653320312
42.05,9.45,2024-09-09 00:00:00+00:00,3.9600000381469727,9.346142768859863,180.0,164.35769653320312
42.05,9.5,2024-09-09 00:00:00+00:00,3.9600000381469727,9.346142768859863,180.0,164.35769653320312
42.1,8.5,2024-09-09 00:00:00+00:00,21.252199172973633,22.702844619750977,296.1309509277344,297.37762451171875
42.1,8.55,2024-09-09 00:00:00+00:00,21.252199172973633,22.702844619750977,296.1309509277344,297.37762451171875
42.1,8.6,2024-09-09 00:00:00+00:00,1.4843180179595947,4.0249223709106445,194.03627014160156,190.30479431152344
42.1,8.65,2024-09-09 00:00:00+00:00,1.4843180179595947,4.0249223709106445,194.03627014160156,190.30479431152344
42.1,8.7,2024-09-09 00:00:00+00:00,1.4843180179595947,4.0249223709106445,194.03627014160156,190.30479431152344
42.1,8.75,2024-09-09 00:00:00+00:00,1.4843180179595947,4.0249223709106445,194.03627014160156,190.30479431152344
42.1,8.8,2024-09-09 00:00:00+00:00,1.4843180179595947,4.0249223709106445,194.03627014160156,190.30479431152344
42.1,8.85,2024-09-09 00:00:00+00:00,1.4843180179595947,4.0249223709106445,194.03627014160156,190.30479431152344
42.1,8.9,2024-09-09 00:00:00+00:00,1.4843180179595947,4.0249223709106445,194.03627014160156,190.30479431152344
42.1,8.95,2024-09-09 00:00:00+00:00,4.379589080810547,8.121970176696777,170.53775024414062,167.19573974609375
42.1,9.0,2024-09-09 00:00:00+00:00,4.379589080810547,8.121970176696777,170.53775024414062,167.19573974609375
42.1,9.05,2024-09-09 00:00:00+00:00,4.379589080810547,8.121970176696777,170.53775024414062,167.19573974609375
42.1,9.1,2024-09-09 00:00:00+00:00,4.379589080810547,8.121970176696777,170.53775024414062,167.19573974609375
42.1,9.15,2024-09-09 00:00:00+00:00,7.968938827514648,13.10419750213623,251.56495666503906,249.07542419433594
42.1,9.2,2024-09-09 00:00:00+00:00,10.661107063293457,17.41447639465332,258.3106689453125,262.8750915527344
42.1,9.25,2024-09-09 00:00:00+00:00,2.811689853668213,6.877789497375488,219.80552673339844,222.87889099121094
42.1,9.3,2024-09-09 00:00:00+00:00,2.811689853668213,6.877789497375488,219.80552673339844,222.87889099121094
42.1,9.35,2024-09-09 00:00:00+00:00,2.811689853668213,6.877789497375488,219.80552673339844,222.87889099121094
42.1,9.4,2024-09-09 00:00:00+00:00,3.9600000381469727,9.346142768859863,180.0,164.35769653320312
42.1,9.45,2024-09-09 00:00:00+00:00,3.9600000381469727,9.346142768859863,180.0,164.35769653320312
42.1,9.5,2024-09-09 00:00:00+00:00,3.9600000381469727,9.346142768859863,180.0,164.35769653320312
42.15,8.5,2024-09-09 00:00:00+00:00,5.483356475830078,8.427383422851562,293.1986083984375,289.9831848144531
42.15,8.55,2024-09-09 00:00:00+00:00,5.483356475830078,8.427383422851562,293.1986083984375,289.9831848144531
42.15,8.6,2024-09-09 00:00:00+00:00,5.483356475830078,8.427383422851562,293.1986083984375,289.9831848144531
42.15,8.65,2024-09-09 00:00:00+00:00,2.2768397331237793,4.320000171661377,198.43504333496094,180.0
42.15,8.7,2024-09-09 00:00:00+00:00,2.2768397331237793,4.320000171661377,198.43504333496094,180.0
42.15,8.75,2024-09-09 00:00:00+00:00,5.483356475830078,8.427383422851562,293.1986083984375,289.9831848144531
42.15,8.8,2024-09-09 00:00:00+00:00,2.2768397331237793,4.320000171661377,198.43504333496094,180.0
42.15,8.85,2024-09-09 00:00:00+00:00,5.692099094390869,9.504273414611816,214.69522094726562,204.62355041503906
42.15,8.9,2024-09-09 00:00:00+00:00,5.692099094390869,9.504273414611816,214.69522094726562,204.62355041503906
42.15,8.95,2024-09-09 00:00:00+00:00,9.504273414611816,15.617528915405273,245.37644958496094,244.02565002441406
42.15,9.0,2024-09-09 00:00:00+00:00,5.692099094390869,9.504273414611816,214.69522094726562,204.62355041503906
42.15,9.05,2024-09-09 00:00:00+00:00,5.692099094390869,9.504273414611816,214.69522094726562,204.62355041503906
42.15,9.1,2024-09-09 00:00:00+00:00,9.504273414611816,15.617528915405273,245.37644958496094,244.02565002441406
42.15,9.15,2024-09-09 00:00:00+00:00,7.072877883911133,13.009902954101562,255.2563934326172,255.57919311523438
42.15,9.2,2024-09-09 00:00:00+00:00,9.504273414611816,15.617528915405273,245.37644958496094,244.02565002441406
42.15,9.25,2024-09-09 00:00:00+00:00,9.504273414611816,15.617528915405273,245.37644958496094,244.02565002441406
42.15,9.3,2024-09-09 00:00:00+00:00,2.3051247596740723,5.483356475830078,218.6598358154297,203.19862365722656
42.15,9.35,2024-09-09 00:00:00+00:00,2.3051247596740723,5.483356475830078,218.6598358154297,203.19862365722656
42.15,9.4,2024-09-09 00:00:00+00:00,4.680000305175781,10.086426734924316,202.61990356445312,177.9546356201172
42.15,9.45,2024-09-09 00:00:00+00:00,4.680000305175781,10.086426734924316,202.61990356445312,177.9546356201172
42.15,9.5,2024-09-09 00:00:00+00:00,4.680000305175781,10.086426734924316,202.61990356445312,177.9546356201172
42.2,8.5,2024-09-09 00:00:00+00:00,2.9024126529693604,5.052840709686279,277.1249084472656,274.0855407714844
42.2,8.55,2024-09-09 00:00:00+00:00,2.9024126529693604,5.052840709686279,277.1249084472656,274.0855407714844
42.2,8.6,2024-09-09 00:00:00+00:00,2.9024126529693604,5.052840709686279,277.1249084472656,274.0855407714844
42.2,8.65,2024-09-09 00:00:00+00:00,2.9024126529693604,5.052840709686279,277.1249084472656,274.0855407714844
42.2,8.7,2024-09-09 00:00:00+00:00,3.3190360069274902,4.843304634094238,220.60121154785156,221.9871368408203
42.2,8.75,2024-09-09 00:00:00+00:00,2.9024126529693604,5.052840709686279,277.1249084472656,274.0855407714844
42.2,8.8,2024-09-09 00:00:00+00:00,3.3190360069274902,4.843304634094238,220.60121154785156,221.9871368408203
42.2,8.85,2024-09-09 00:00:00+00:00,3.3190360069274902,4.843304634094238,220.60121154785156,221.9871368408203
42.2,8.9,2024-09-09 00:00:00+00:00,8.942214012145996,17.67302894592285,229.89915466308594,236.63360595703125
42.2,8.95,2024-09-09 00:00:00+00:00,8.942214012145996,17.67302894592285,229.89915466308594,236.63360595703125
42.2,9.0,2024-09-09 00:00:00+00:00,8.43506908416748,13.783817291259766,230.19447326660156,229.23648071289062
42.2,9.05,2024-09-09 00:00:00+00:00,8.43506908416748,13.783817291259766,230.19447326660156,229.23648071289062
42.2,9.1,2024-09-09 00:00:00+00:00,8.942214012145996,17.67302894592285,229.89915466308594,236.63360595703125
42.2,9.15,2024-09-09 00:00:00+00:00,4.198285102844238,10.685391426086426,239.0363006591797,237.38076782226562
42.2,9.2,2024-09-09 00:00:00+00:00,2.595996856689453,5.959060192108154,236.30990600585938,205.01686096191406
42.2,9.25,2024-09-09 00:00:00+00:00,2.595996856689453,5.959060192108154,236.30990600585938,205.01686096191406
42.2,9.3,2024-09-09 00:00:00+00:00,2.595996856689453,5.959060192108154,236.30990600585938,205.01686096191406
42.2,9.35,2024-09-09 00:00:00+00:00,6.0346999168396,10.495713233947754,197.35411071777344,185.9060516357422
42.2,9.4,2024-09-09 00:00:00+00:00,6.0346999168396,10.495713233947754,197.35411071777344,185.9060516357422
42.2,9.45,2024-09-09 00:00:00+00:00,6.0346999168396,10.495713233947754,197.35411071777344,185.9060516357422
42.2,9.5,2024-09-09 00:00:00+00:00,6.0346999168396,10.495713233947754,197.35411071777344,185.9060516357422
42.25,8.5,2024-09-09 00:00:00+00:00,5.116561412811279,7.594208240509033,230.7106170654297,238.5704803466797
42.25,8.55,2024-09-09 00:00:00+00:00,5.116561412811279,7.594208240509033,230.7106170654297,238.5704803466797
42.25,8.6,2024-09-09 00:00:00+00:00,5.116561412811279,7.594208240509033,230.7106170654297,238.5704803466797
42.25,8.65,2024-09-09 00:00:00+00:00,5.116561412811279,7.594208240509033,230.7106170654297,238.5704803466797
42.25,8.7,2024-09-09 00:00:00+00:00,5.116561412811279,7.594208240509033,230.7106170654297,238.5704803466797
42.25,8.75,2024-09-09 00:00:00+00:00,5.116561412811279,7.594208240509033,230.7106170654297,238.5704803466797
42.25,8.8,2024-09-09 00:00:00+00:00,5.116561412811279,7.594208240509033,230.7106170654297,238.5704803466797
42.25,8.85,2024-09-09 00:00:00+00:00,6.130578517913818,9.826087951660156,229.7637176513672,241.5571746826172
42.25,8.9,2024-09-09 00:00:00+00:00,10.383987426757812,17.414474487304688,236.30990600585938,240.2552032470703
42.25,8.95,2024-09-09 00:00:00+00:00,10.383987426757812,17.414474487304688,236.30990600585938,240.2552032470703
42.25,9.0,2024-09-09 00:00:00+00:00,10.383987426757812,17.414474487304688,236.30990600585938,240.2552032470703
42.25,9.05,2024-09-09 00:00:00+00:00,10.383987426757812,17.414474487304688,236.30990600585938,240.2552032470703
42.25,9.1,2024-09-09 00:00:00+00:00,8.66994857788086,17.57744026184082,221.63345336914062,235.00790405273438
42.25,9.15,2024-09-09 00:00:00+00:00,10.383987426757812,17.414474487304688,236.30990600585938,240.2552032470703
42.25,9.2,2024-09-09 00:00:00+00:00,3.2599384784698486,7.386581897735596,263.659912109375,226.9749298095703
42.25,9.25,2024-09-09 00:00:00+00:00,3.2599384784698486,7.386581897735596,263.659912109375,226.9749298095703
42.25,9.3,2024-09-09 00:00:00+00:00,4.0249223709106445,10.99032211303711,243.4350128173828,238.39254760742188
42.25,9.35,2024-09-09 00:00:00+00:00,5.86037540435791,9.726664543151855,169.38040161132812,182.1210479736328
42.25,9.4,2024-09-09 00:00:00+00:00,3.2599384784698486,7.386581897735596,263.659912109375,226.9749298095703
42.25,9.45,2024-09-09 00:00:00+00:00,3.2599384784698486,7.386581897735596,263.659912109375,226.9749298095703
42.25,9.5,2024-09-09 00:00:00+00:00,5.86037540435791,9.726664543151855,169.38040161132812,182.1210479736328
42.3,8.5,2024-09-09 00:00:00+00:00,5.116561412811279,7.594208240509033,230.7106170654297,238.5704803466797
42.3,8.55,2024-09-09 00:00:00+00:00,5.116561412811279,7.594208240509033,230.7106170654297,238.5704803466797
42.3,8.6,2024-09-09 00:00:00+00:00,5.116561412811279,7.594208240509033,230.7106170654297,238.5704803466797
42.3,8.65,2024-09-09 00:00:00+00:00,5.116561412811279,7.594208240509033,230.7106170654297,238.5704803466797
42.3,8.7,2024-09-09 00:00:00+00:00,5.116561412811279,7.594208240509033,230.7106170654297,238.5704803466797
42.3,8.75,2024-09-09 00:00:00+00:00,5.116561412811279,7.594208240509033,230.7106170654297,238.5704803466797
42.3,8.8,2024-09-09 00:00:00+00:00,6.130578517913818,9.826087951660156,229.7637176513672,241.5571746826172
42.3,8.85,2024-09-09 00:00:00+00:00,10.383987426757812,17.414474487304688,236.30990600585938,240.2552032470703
42.3,8.9,2024-09-09 00:00:00+00:00,8.66994857788086,17.57744026184082,221.63345336914062,235.00790405273438
42.3,8.95,2024-09-09 00:00:00+00:00,6.130578517913818,9.826087951660156,229.7637176513672,241.5571746826172
42.3,9.0,2024-09-09 00:00:00+00:00,8.66994857788086,17.57744026184082,221.63345336914062,235.00790405273438
42.3,9.05,2024-09-09 00:00:00+00:00,8.66994857788086,17.57744026184082,221.63345336914062,235.00790405273438
42.3,9.1,2024-09-09 00:00:00+00:00,4.0249223709106445,10.99032211303711,243.4350128173828,238.39254760742188
42.3,9.15,2024-09-09 00:00:00+00:00,4.0249223709106445,10.99032211303711,243.4350128173828,238.39254760742188
42.3,9.2,2024-09-09 00:00:00+00:00,3.2599384784698486,7.386581897735596,263.659912109375,226.9749298095703
42.3,9.25,2024-09-09 00:00:00+00:00,3.2599384784698486,7.386581897735596,263.659912109375,226.9749298095703
42.3,9.3,2024-09-09 00:00:00+00:00,3.2599384784698486,7.386581897735596,263.659912109375,226.9749298095703
42.3,9.35,2024-09-09 00:00:00+00:00,4.0249223709106445,10.99032211303711,243.4350128173828,238.39254760742188
42.3,9.4,2024-09-09 00:00:00+00:00,4.0249223709106445,10.99032211303711,243.4350128173828,238.39254760742188
42.3,9.45,2024-09-09 00:00:00+00:00,3.2599384784698486,7.386581897735596,263.659912109375,226.9749298095703
42.3,9.5,2024-09-09 00:00:00+00:00,5.86037540435791,9.726664543151855,169.38040161132812,182.1210479736328
42.35,8.5,2024-09-09 00:00:00+00:00,25.623300552368164,27.038372039794922,265.9718017578125,266.9471740722656
42.35,8.55,2024-09-09 00:00:00+00:00,8.287821769714355,14.00302791595459,214.38040161132812,223.95846557617188
42.35,8.6,2024-09-09 00:00:00+00:00,8.287821769714355,14.00302791595459,214.38040161132812,223.95846557617188
42.35,8.65,2024-09-09 00:00:00+00:00,8.287821769714355,14.00302791595459,214.38040161132812,223.95846557617188
42.35,8.7,2024-09-09 00:00:00+00:00,8.287821769714355,14.00302791595459,214.38040161132812,223.95846557617188
42.35,8.75,2024-09-09 00:00:00+00:00,8.287821769714355,14.00302791595459,214.38040161132812,223.95846557617188
42.35,8.8,2024-09-09 00:00:00+00:00,8.287821769714355,14.00302791595459,214.38040161132812,223.95846557617188
42.35,8.85,2024-09-09 00:00:00+00:00,10.495713233947754,17.727943420410156,247.83360290527344,246.03750610351562
42.35,8.9,2024-09-09 00:00:00+00:00,10.495713233947754,17.727943420410156,247.83360290527344,246.03750610351562
42.35,8.95,2024-09-09 00:00:00+00:00,10.495713233947754,17.727943420410156,247.83360290527344,246.03750610351562
42.35,9.0,2024-09-09 00:00:00+00:00,8.78872013092041,14.88241958618164,235.00790405273438,237.8477325439453
42.35,9.05,2024-09-09 00:00:00+00:00,4.33497428894043,9.255571365356445,265.2364501953125,256.5042419433594
42.35,9.1,2024-09-09 00:00:00+00:00,4.896529674530029,13.202726364135742,233.9725341796875,244.13369750976562
42.35,9.15,2024-09-09 00:00:00+00:00,4.33497428894043,9.255571365356445,265.2364501953125,256.5042419433594
42.35,9.2,2024-09-09 00:00:00+00:00,4.33497428894043,9.255571365356445,265.2364501953125,256.5042419433594
42.35,9.25,2024-09-09 00:00:00+00:00,4.896529674530029,13.202726364135742,233.9725341796875,244.13369750976562
42.35,9.3,2024-09-09 00:00:00+00:00,4.896529674530029,13.202726364135742,233.9725341796875,244.13369750976562
42.35,9.35,2024-09-09 00:00:00+00:00,4.33497428894043,9.255571365356445,265.2364501953125,256.5042419433594
42.35,9.4,2024-09-09 00:00:00+00:00,4.33497428894043,9.255571365356445,265.2364501953125,256.5042419433594
42.35,9.45,2024-09-09 00:00:00+00:00,3.976329803466797,7.412853240966797,275.1943359375,240.9454803466797
42.35,9.5,2024-09-09 00:00:00+00:00,5.399999618530273,8.766572952270508,126.86997985839844,160.82089233398438
42.4,8.5,2024-09-09 00:00:00+00:00,28.76622772216797,30.453527450561523,261.3629455566406,263.21112060546875
42.4,8.55,2024-09-09 00:00:00+00:00,11.592893600463867,20.421871185302734,216.1582794189453,220.71075439453125
42.4,8.6,2024-09-09 00:00:00+00:00,11.592893600463867,20.421871185302734,216.1582794189453,220.71075439453125
42.4,8.65,2024-09-09 00:00:00+00:00,11.592893600463867,20.421871185302734,216.1582794189453,220.71075439453125
42.4,8.7,2024-09-09 00:00:00+00:00,11.592893600463867,20.421871185302734,216.1582794189453,220.71075439453125
42.4,8.75,2024-09-09 00:00:00+00:00,11.592893600463867,20.421871185302734,216.1582794189453,220.71075439453125
42.4,8.8,2024-09-09 00:00:00+00:00,11.592893600463867,20.0180721282959,233.8417205810547,232.30569458007812
42.4,8.85,2024-09-09 00:00:00+00:00,11.592893600463867,20.421871185302734,216.1582794189453,220.71075439453125
42.4,8.9,2024-09-09 00:00:00+00:00,9.007196426391602,15.827720642089844,267.7094421386719,252.80137634277344
42.4,8.95,2024-09-09 00:00:00+00:00,9.007196426391602,15.827720642089844,267.7094421386719,252.80137634277344
42.4,9.0,2024-09-09 00:00:00+00:00,9.007196426391602,15.827720642089844,267.7094421386719,252.80137634277344
42.4,9.05,2024-09-09 00:00:00+00:00,9.007196426391602,15.827720642089844,267.7094421386719,252.80137634277344
42.4,9.1,2024-09-09 00:00:00+00:00,9.007196426391602,15.827720642089844,267.7094421386719,252.80137634277344
42.4,9.15,2024-09-09 00:00:00+00:00,3.3190360069274902,6.92473840713501,282.52880859375,297.8971862792969
42.4,9.2,2024-09-09 00:00:00+00:00,2.1897945404052734,4.213691711425781,260.5377502441406,250.0167999267578
42.4,9.25,2024-09-09 00:00:00+00:00,2.1897945404052734,4.213691711425781,260.5377502441406,250.0167999267578
42.4,9.3,2024-09-09 00:00:00+00:00,3.7064266204833984,8.049844741821289,299.05450439453125,280.3047790527344
42.4,9.35,2024-09-09 00:00:00+00:00,3.3190360069274902,6.92473840713501,282.52880859375,297.8971862792969
42.4,9.4,2024-09-09 00:00:00+00:00,4.802999019622803,7.386581897735596,102.99462127685547,133.0250701904297
42.4,9.45,2024-09-09 00:00:00+00:00,2.1897945404052734,4.213691711425781,260.5377502441406,250.0167999267578
42.4,9.5,2024-09-09 00:00:00+00:00,4.802999019622803,7.386581897735596,102.99462127685547,133.0250701904297
42.45,8.5,2024-09-09 00:00:00+00:00,28.76622772216797,30.453527450561523,261.3629455566406,263.21112060546875
42.45,8.55,2024-09-09 00:00:00+00:00,11.592893600463867,20.421871185302734,216.1582794189453,220.71075439453125
42.45,8.6,2024-09-09 00:00:00+00:00,11.592893600463867,20.421871185302734,216.1582794189453,220.71075439453125
42.45,8.65,2024-09-09 00:00:00+00:00,11.592893600463867,20.421871185302734,216.1582794189453,220.71075439453125
42.45,8.7,2024-09-09 00:00:00+00:00,11.592893600463867,20.421871185302734,216.1582794189453,220.71075439453125
42.45,8.75,2024-09-09 00:00:00+00:00,11.592893600463867,20.421871185302734,216.1582794189453,220.71075439453125
42.45,8.8,2024-09-09 00:00:00+00:00,11.592893600463867,20.0180721282959,233.8417205810547,232.30569458007812
42.45,8.85,2024-09-09 00:00:00+00:00,11.592893600463867,20.421871185302734,216.1582794189453,220.71075439453125
42.45,8.9,2024-09-09 00:00:00+00:00,9.007196426391602,15.827720642089844,267.7094421386719,252.80137634277344
42.45,8.95,2024-09-09 00:00:00+00:00,9.007196426391602,15.827720642089844,267.7094421386719,252.80137634277344
42.45,9.0,2024-09-09 00:00:00+00:00,9.007196426391602,15.827720642089844,267.7094421386719,252.80137634277344
42.45,9.05,2024-09-09 00:00:00+00:00,3.7064266204833984,8.049844741821289,299.05450439453125,280.3047790527344
42.45,9.1,2024-09-09 00:00:00+00:00,3.7064266204833984,8.049844741821289,299.05450439453125,280.3047790527344
42.45,9.15,2024-09-09 00:00:00+00:00,3.3190360069274902,6.92473840713501,282.52880859375,297.8971862792969
42.45,9.2,2024-09-09 00:00:00+00:00,2.1897945404052734,4.213691711425781,260.5377502441406,250.0167999267578
42.45,9.25,2024-09-09 00:00:00+00:00,2.1897945404052734,4.213691711425781,260.5377502441406,250.0167999267578
42.45,9.3,2024-09-09 00:00:00+00:00,3.7064266204833984,8.049844741821289,299.05450439453125,280.3047790527344
42.45,9.35,2024-09-09 00:00:00+00:00,2.1897945404052734,4.213691711425781,260.5377502441406,250.0167999267578
42.45,9.4,2024-09-09 00:00:00+00:00,3.3190360069274902,6.92473840713501,282.52880859375,297.8971862792969
42.45,9.45,2024-09-09 00:00:00+00:00,4.802999019622803,7.386581897735596,102.99462127685547,133.0250701904297
42.45,9.5,2024-09-09 00:00:00+00:00,4.802999019622803,7.386581897735596,102.99462127685547,133.0250701904297
42.5,8.5,2024-09-09 00:00:00+00:00,29.888671875,32.32992172241211,260.9915771484375,262.3211364746094
42.5,8.55,2024-09-09 00:00:00+00:00,16.039201736450195,25.96994972229004,224.09071350097656,226.1232147216797
42.5,8.6,2024-09-09 00:00:00+00:00,16.039201736450195,25.96994972229004,224.09071350097656,226.1232147216797
42.5,8.65,2024-09-09 00:00:00+00:00,16.039201736450195,25.96994972229004,224.09071350097656,226.1232147216797
42.5,8.7,2024-09-09 00:00:00+00:00,16.039201736450195,25.96994972229004,224.09071350097656,226.1232147216797
42.5,8.75,2024-09-09 00:00:00+00:00,16.039201736450195,25.96994972229004,224.09071350097656,226.1232147216797
42.5,8.8,2024-09-09 00:00:00+00:00,16.039201736450195,25.96994972229004,224.09071350097656,226.1232147216797
42.5,8.85,2024-09-09 00:00:00+00:00,16.039201736450195,25.96994972229004,224.09071350097656,226.1232147216797
42.5,8.9,2024-09-09 00:00:00+00:00,9.255571365356445,17.581125259399414,283.4957580566406,259.3804016113281
42.5,8.95,2024-09-09 00:00:00+00:00,9.255571365356445,17.581125259399414,283.4957580566406,259.3804016113281
42.5,9.0,2024-09-09 00:00:00+00:00,5.447788238525391,10.233122825622559,352.4054260253906,309.28936767578125
42.5,9.05,2024-09-09 00:00:00+00:00,5.447788238525391,10.233122825622559,352.4054260253906,309.28936767578125
42.5,9.1,2024-09-09 00:00:00+00:00,9.255571365356445,17.581125259399414,283.4957580566406,259.3804016113281
42.5,9.15,2024-09-09 00:00:00+00:00,4.33497428894043,8.942214012145996,311.6334533691406,319.8991394042969
42.5,9.2,2024-09-09 00:00:00+00:00,4.33497428894043,8.942214012145996,311.6334533691406,319.8991394042969
42.5,9.25,2024-09-09 00:00:00+00:00,5.447788238525391,10.233122825622559,352.4054260253906,309.28936767578125
42.5,9.3,2024-09-09 00:00:00+00:00,3.3190360069274902,4.680000305175781,257.47119140625,292.6199035644531
42.5,9.35,2024-09-09 00:00:00+00:00,3.3190360069274902,4.680000305175781,257.47119140625,292.6199035644531
42.5,9.4,2024-09-09 00:00:00+00:00,1.2979984283447266,1.1384198665618896,33.690101623535156,71.5649642944336
42.5,9.45,2024-09-09 00:00:00+00:00,1.2979984283447266,1.1384198665618896,33.690101623535156,71.5649642944336
42.5,9.5,2024-09-09 00:00:00+00:00,1.2979984283447266,1.1384198665618896,33.690101623535156,71.5649642944336
42.5,8.5,2024-09-09 00:00:00+00:00,29.888671875,32.32992172241211,260.9915771484375,262.3211364746094
42.5,8.55,2024-09-09 00:00:00+00:00,16.039201736450195,25.96994972229004,224.09071350097656,226.1232147216797
42.5,8.6,2024-09-09 00:00:00+00:00,16.039201736450195,25.96994972229004,224.09071350097656,226.1232147216797
42.5,8.65,2024-09-09 00:00:00+00:00,16.039201736450195,25.96994972229004,224.09071350097656,226.1232147216797
42.5,8.7,2024-09-09 00:00:00+00:00,16.039201736450195,25.96994972229004,224.09071350097656,226.1232147216797
42.5,8.75,2024-09-09 00:00:00+00:00,16.039201736450195,25.96994972229004,224.09071350097656,226.1232147216797
42.5,8.8,2024-09-09 00:00:00+00:00,16.039201736450195,25.96994972229004,224.09071350097656,226.1232147216797
42.5,8.85,2024-09-09 00:00:00+00:00,16.039201736450195,25.96994972229004,224.09071350097656,226.1232147216797
42.5,8.9,2024-09-09 00:00:00+00:00,9.255571365356445,17.581125259399414,283.4957580566406,259.3804016113281
42.5,8.95,2024-09-09 00:00:00+00:00,9.255571365356445,17.581125259399414,283.4957580566406,259.3804016113281
42.5,9.0,2024-09-09 00:00:00+00:00,5.447788238525391,10.233122825622559,352.4054260253906,309.28936767578125
42.5,9.05,2024-09-09 00:00:00+00:00,5.447788238525391,10.233122825622559,352.4054260253906,309.28936767578125
42.5,9.1,2024-09-09 00:00:00+00:00,9.255571365356445,17.581125259399414,283.4957580566406,259.3804016113281
42.5,9.15,2024-09-09 00:00:00+00:00,4.33497428894043,8.942214012145996,311.6334533691406,319.8991394042969
42.5,9.2,2024-09-09 00:00:00+00:00,4.33497428894043,8.942214012145996,311.6334533691406,319.8991394042969
42.5,9.25,2024-09-09 00:00:00+00:00,5.447788238525391,10.233122825622559,352.4054260253906,309.28936767578125
42.5,9.3,2024-09-09 00:00:00+00:00,3.3190360069274902,4.680000305175781,257.47119140625,292.6199035644531
42.5,9.35,2024-09-09 00:00:00+00:00,3.3190360069274902,4.680000305175781,257.47119140625,292.6199035644531
42.5,9.4,2024-09-09 00:00:00+00:00,1.2979984283447266,1.1384198665618896,33.690101623535156,71.5649642944336
42.5,9.45,2024-09-09 00:00:00+00:00,1.2979984283447266,1.1384198665618896,33.690101623535156,71.5649642944336
42.5,9.5,2024-09-09 00:00:00+00:00,1.2979984283447266,1.1384198665618896,33.690101623535156,71.5649642944336
42.55,8.5,2024-09-09 00:00:00+00:00,30.364030838012695,33.145423889160156,259.7559814453125,261.25390625
42.55,8.55,2024-09-09 00:00:00+00:00,26.544963836669922,30.2956600189209,249.35293579101562,249.84230041503906
42.55,8.6,2024-09-09 00:00:00+00:00,26.544963836669922,30.2956600189209,249.35293579101562,249.84230041503906
42.55,8.65,2024-09-09 00:00:00+00:00,26.544963836669922,30.2956600189209,249.35293579101562,249.84230041503906
42.55,8.7,2024-09-09 00:00:00+00:00,22.238561630249023,33.402488708496094,240.9454803466797,239.5658416748047
42.55,8.75,2024-09-09 00:00:00+00:00,22.238561630249023,33.402488708496094,240.9454803466797,239.5658416748047
42.55,8.8,2024-09-09 00:00:00+00:00,22.238561630249023,33.402488708496094,240.9454803466797,239.5658416748047
42.55,8.85,2024-09-09 00:00:00+00:00,22.238561630249023,33.402488708496094,240.9454803466797,239.5658416748047
42.55,8.9,2024-09-09 00:00:00+00:00,15.13713264465332,26.405452728271484,267.27374267578125,258.9964904785156
42.55,8.95,2024-09-09 00:00:00+00:00,22.238561630249023,33.402488708496094,240.9454803466797,239.5658416748047
42.55,9.0,2024-09-09 00:00:00+00:00,15.13713264465332,26.405452728271484,267.27374267578125,258.9964904785156
42.55,9.05,2024-09-09 00:00:00+00:00,15.13713264465332,26.405452728271484,267.27374267578125,258.9964904785156
42.55,9.1,2024-09-09 00:00:00+00:00,7.145795822143555,18.10409927368164,310.9142761230469,287.3540954589844
42.55,9.15,2024-09-09 00:00:00+00:00,7.145795822143555,18.10409927368164,310.9142761230469,287.3540954589844
42.55,9.2,2024-09-09 00:00:00+00:00,15.13713264465332,26.405452728271484,267.27374267578125,258.9964904785156
42.55,9.25,2024-09-09 00:00:00+00:00,7.145795822143555,18.10409927368164,310.9142761230469,287.3540954589844
42.55,9.3,2024-09-09 00:00:00+00:00,7.145795822143555,18.10409927368164,310.9142761230469,287.3540954589844
42.55,9.35,2024-09-09 00:00:00+00:00,7.289444923400879,16.119800567626953,302.9052429199219,299.4273681640625
42.55,9.4,2024-09-09 00:00:00+00:00,7.289444923400879,16.119800567626953,302.9052429199219,299.4273681640625
42.55,9.45,2024-09-09 00:00:00+00:00,5.86037540435791,13.202726364135742,280.6195983886719,295.8663024902344
42.55,9.5,2024-09-09 00:00:00+00:00,5.86037540435791,13.202726364135742,280.6195983886719,295.8663024902344
42.6,8.5,2024-09-09 00:00:00+00:00,30.364030838012695,33.145423889160156,259.7559814453125,261.25390625
42.6,8.55,2024-09-09 00:00:00+00:00,26.544963836669922,30.2956600189209,249.35293579101562,249.84230041503906
42.6,8.6,2024-09-09 00:00:00+00:00,26.544963836669922,30.2956600189209,249.35293579101562,249.84230041503906
42.6,8.65,2024-09-09 00:00:00+00:00,26.544963836669922,30.2956600189209,249.35293579101562,249.84230041503906
42.6,8.7,2024-09-09 00:00:00+00:00,22.238561630249023,33.402488708496094,240.9454803466797,239.5658416748047
42.6,8.75,2024-09-09 00:00:00+00:00,22.238561630249023,33.402488708496094,240.9454803466797,239.5658416748047
42.6,8.8,2024-09-09 00:00:00+00:00,22.238561630249023,33.402488708496094,240.9454803466797,239.5658416748047
42.6,8.85,2024-09-09 00:00:00+00:00,22.238561630249023,33.402488708496094,240.9454803466797,239.5658416748047
42.6,8.9,2024-09-09 00:00:00+00:00,22.238561630249023,33.402488708496094,240.9454803466797,239.5658416748047
42.6,8.95,2024-09-09 00:00:00+00:00,22.238561630249023,33.402488708496094,240.9454803466797,239.5658416748047
42.6,9.0,2024-09-09 00:00:00+00:00,22.238561630249023,33.402488708496094,240.9454803466797,239.5658416748047
42.6,9.05,2024-09-09 00:00:00+00:00,22.238561630249023,33.402488708496094,240.9454803466797,239.5658416748047
42.6,9.1,2024-09-09 00:00:00+00:00,7.289444923400879,16.119800567626953,302.9052429199219,299.4273681640625
42.6,9.15,2024-09-09 00:00:00+00:00,7.289444923400879,16.119800567626953,302.9052429199219,299.4273681640625
42.6,9.2,2024-09-09 00:00:00+00:00,15.13713264465332,26.405452728271484,267.27374267578125,258.9964904785156
42.6,9.25,2024-09-09 00:00:00+00:00,7.289444923400879,16.119800567626953,302.9052429199219,299.4273681640625
42.6,9.3,2024-09-09 00:00:00+00:00,5.86037540435791,13.202726364135742,280.6195983886719,295.8663024902344
42.6,9.35,2024-09-09 00:00:00+00:00,5.86037540435791,13.202726364135742,280.6195983886719,295.8663024902344
42.6,9.4,2024-09-09 00:00:00+00:00,5.86037540435791,13.202726364135742,280.6195983886719,295.8663024902344
42.6,9.45,2024-09-09 00:00:00+00:00,5.86037540435791,13.202726364135742,280.6195983886719,295.8663024902344
42.6,9.5,2024-09-09 00:00:00+00:00,5.86037540435791,13.202726364135742,280.6195983886719,295.8663024902344
42.65,8.5,2024-09-09 00:00:00+00:00,30.735231399536133,33.971866607666016,256.4520568847656,257.14190673828125
42.65,8.55,2024-09-09 00:00:00+00:00,30.735231399536133,33.971866607666016,256.4520568847656,257.14190673828125
42.65,8.6,2024-09-09 00:00:00+00:00,31.43358612060547,33.9279670715332,249.90467834472656,250.79592895507812
42.65,8.65,2024-09-09 00:00:00+00:00,31.43358612060547,33.9279670715332,249.90467834472656,250.79592895507812
42.65,8.7,2024-09-09 00:00:00+00:00,32.86861038208008,36.71999740600586,241.18930053710938,241.9276123046875
42.65,8.75,2024-09-09 00:00:00+00:00,32.86861038208008,36.71999740600586,241.18930053710938,241.9276123046875
42.65,8.8,2024-09-09 00:00:00+00:00,32.86861038208008,36.71999740600586,241.18930053710938,241.9276123046875
42.65,8.85,2024-09-09 00:00:00+00:00,25.23340606689453,38.078399658203125,255.96372985839844,254.64981079101562
42.65,8.9,2024-09-09 00:00:00+00:00,25.23340606689453,38.078399658203125,255.96372985839844,254.64981079101562
42.65,8.95,2024-09-09 00:00:00+00:00,25.23340606689453,38.078399658203125,255.96372985839844,254.64981079101562
42.65,9.0,2024-09-09 00:00:00+00:00,25.23340606689453,38.078399658203125,255.96372985839844,254.64981079101562
42.65,9.05,2024-09-09 00:00:00+00:00,25.23340606689453,38.078399658203125,255.96372985839844,254.64981079101562
42.65,9.1,2024-09-09 00:00:00+00:00,25.23340606689453,38.078399658203125,255.96372985839844,254.64981079101562
42.65,9.15,2024-09-09 00:00:00+00:00,14.345897674560547,27.50409507751465,287.5256652832031,284.4000549316406
42.65,9.2,2024-09-09 00:00:00+00:00,18.391735076904297,31.68204689025879,273.36639404296875,269.34893798828125
42.65,9.25,2024-09-09 00:00:00+00:00,11.96695327758789,22.40692710876465,291.16131591796875,293.6820983886719
42.65,9.3,2024-09-09 00:00:00+00:00,11.96695327758789,22.40692710876465,291.16131591796875,293.6820983886719
42.65,9.35,2024-09-09 00:00:00+00:00,11.96695327758789,22.40692710876465,291.16131591796875,293.6820983886719
42.65,9.4,2024-09-09 00:00:00+00:00,14.345897674560547,27.50409507751465,287.5256652832031,284.4000549316406
42.65,9.45,2024-09-09 00:00:00+00:00,11.96695327758789,22.40692710876465,291.16131591796875,293.6820983886719
42.65,9.5,2024-09-09 00:00:00+00:00,11.96695327758789,22.40692710876465,291.16131591796875,293.6820983886719
42.7,8.5,2024-09-09 00:00:00+00:00,31.763750076293945,35.864742279052734,252.18101501464844,252.47433471679688
42.7,8.55,2024-09-09 00:00:00+00:00,31.763750076293945,35.864742279052734,252.18101501464844,252.47433471679688
42.7,8.6,2024-09-09 00:00:00+00:00,33.58821105957031,36.20461654663086,250.59393310546875,250.8442840576172
42.7,8.65,2024-09-09 00:00:00+00:00,33.58821105957031,36.20461654663086,250.59393310546875,250.8442840576172
42.7,8.7,2024-09-09 00:00:00+00:00,33.58821105957031,36.20461654663086,250.59393310546875,250.8442840576172
42.7,8.75,2024-09-09 00:00:00+00:00,35.93153381347656,38.38349533081055,245.74607849121094,246.8013916015625
42.7,8.8,2024-09-09 00:00:00+00:00,35.93153381347656,38.38349533081055,245.74607849121094,246.8013916015625
42.7,8.85,2024-09-09 00:00:00+00:00,38.19734191894531,43.20600128173828,246.0923309326172,246.42527770996094
42.7,8.9,2024-09-09 00:00:00+00:00,38.19734191894531,43.20600128173828,246.0923309326172,246.42527770996094
42.7,8.95,2024-09-09 00:00:00+00:00,38.19734191894531,43.20600128173828,246.0923309326172,246.42527770996094
42.7,9.0,2024-09-09 00:00:00+00:00,29.070974349975586,42.97139358520508,262.1710205078125,261.326904296875
42.7,9.05,2024-09-09 00:00:00+00:00,29.070974349975586,42.97139358520508,262.1710205078125,261.326904296875
42.7,9.1,2024-09-09 00:00:00+00:00,29.070974349975586,42.97139358520508,262.1710205078125,261.326904296875
42.7,9.15,2024-09-09 00:00:00+00:00,21.48569679260254,35.428462982177734,278.673095703125,275.2470397949219
42.7,9.2,2024-09-09 00:00:00+00:00,29.070974349975586,42.97139358520508,262.1710205078125,261.326904296875
42.7,9.25,2024-09-09 00:00:00+00:00,29.070974349975586,42.97139358520508,262.1710205078125,261.326904296875
42.7,9.3,2024-09-09 00:00:00+00:00,29.070974349975586,42.97139358520508,262.1710205078125,261.326904296875
42.7,9.35,2024-09-09 00:00:00+00:00,29.070974349975586,42.97139358520508,262.1710205078125,261.326904296875
42.7,9.4,2024-09-09 00:00:00+00:00,21.48569679260254,35.428462982177734,278.673095703125,275.2470397949219
42.7,9.45,2024-09-09 00:00:00+00:00,13.527571678161621,24.363250732421875,295.2010803222656,288.9704895019531
42.7,9.5,2024-09-09 00:00:00+00:00,13.527571678161621,24.363250732421875,295.2010803222656,288.9704895019531
42.75,8.5,2024-09-09 00:00:00+00:00,32.90998840332031,38.261749267578125,250.1774444580078,250.20103454589844
42.75,8.55,2024-09-09 00:00:00+00:00,32.90998840332031,38.261749267578125,250.1774444580078,250.20103454589844
42.75,8.6,2024-09-09 00:00:00+00:00,33.12977981567383,37.462493896484375,250.9742889404297,250.34608459472656
42.75,8.65,2024-09-09 00:00:00+00:00,33.12977981567383,37.462493896484375,250.9742889404297,250.34608459472656
42.75,8.7,2024-09-09 00:00:00+00:00,33.12977981567383,37.462493896484375,250.9742889404297,250.34608459472656
42.75,8.75,2024-09-09 00:00:00+00:00,34.29838180541992,37.710750579833984,249.09194946289062,249.3158416748047
42.75,8.8,2024-09-09 00:00:00+00:00,34.29838180541992,37.710750579833984,249.09194946289062,249.3158416748047
42.75,8.85,2024-09-09 00:00:00+00:00,34.29838180541992,37.710750579833984,249.09194946289062,249.3158416748047
42.75,8.9,2024-09-09 00:00:00+00:00,38.105621337890625,41.649681091308594,247.7964630126953,247.64674377441406
42.75,8.95,2024-09-09 00:00:00+00:00,38.105621337890625,41.649681091308594,247.7964630126953,247.64674377441406
42.75,9.0,2024-09-09 00:00:00+00:00,40.998924255371094,46.350608825683594,249.97381591796875,250.0167999267578
42.75,9.05,2024-09-09 00:00:00+00:00,40.998924255371094,46.350608825683594,249.97381591796875,250.0167999267578
42.75,9.1,2024-09-09 00:00:00+00:00,40.998924255371094,46.350608825683594,249.97381591796875,250.0167999267578
42.75,9.15,2024-09-09 00:00:00+00:00,35.888221740722656,45.49408721923828,256.6607360839844,256.7335205078125
42.75,9.2,2024-09-09 00:00:00+00:00,35.888221740722656,45.49408721923828,256.6607360839844,256.7335205078125
42.75,9.25,2024-09-09 00:00:00+00:00,35.888221740722656,45.49408721923828,256.6607360839844,256.7335205078125
42.75,9.3,2024-09-09 00:00:00+00:00,13.202726364135742,22.461807250976562,281.00347900390625,276.4414978027344
42.75,9.35,2024-09-09 00:00:00+00:00,13.202726364135742,22.461807250976562,281.00347900390625,276.4414978027344
42.75,9.4,2024-09-09 00:00:00+00:00,13.202726364135742,22.461807250976562,281.00347900390625,276.4414978027344
42.75,9.45,2024-09-09 00:00:00+00:00,13.202726364135742,22.461807250976562,281.00347900390625,276.4414978027344
42.75,9.5,2024-09-09 00:00:00+00:00,13.202726364135742,22.461807250976562,281.00347900390625,276.4414978027344
42.8,8.5,2024-09-09 00:00:00+00:00,32.90998840332031,38.261749267578125,250.1774444580078,250.20103454589844
42.8,8.55,2024-09-09 00:00:00+00:00,32.90998840332031,38.261749267578125,250.1774444580078,250.20103454589844
42.8,8.6,2024-09-09 00:00:00+00:00,33.12977981567383,37.462493896484375,250.9742889404297,250.34608459472656
42.8,8.65,2024-09-09 00:00:00+00:00,33.12977981567383,37.462493896484375,250.9742889404297,250.34608459472656
42.8,8.7,2024-09-09 00:00:00+00:00,33.12977981567383,37.462493896484375,250.9742889404297,250.34608459472656
42.8,8.75,2024-09-09 00:00:00+00:00,34.29838180541992,37.710750579833984,249.09194946289062,249.3158416748047
42.8,8.8,2024-09-09 00:00:00+00:00,34.29838180541992,37.710750579833984,249.09194946289062,249.3158416748047
42.8,8.85,2024-09-09 00:00:00+00:00,34.29838180541992,37.710750579833984,249.09194946289062,249.3158416748047
42.8,8.9,2024-09-09 00:00:00+00:00,38.105621337890625,41.649681091308594,247.7964630126953,247.64674377441406
42.8,8.95,2024-09-09 00:00:00+00:00,38.105621337890625,41.649681091308594,247.7964630126953,247.64674377441406
42.8,9.0,2024-09-09 00:00:00+00:00,40.998924255371094,46.350608825683594,249.97381591796875,250.0167999267578
42.8,9.05,2024-09-09 00:00:00+00:00,40.998924255371094,46.350608825683594,249.97381591796875,250.0167999267578
42.8,9.1,2024-09-09 00:00:00+00:00,40.998924255371094,46.350608825683594,249.97381591796875,250.0167999267578
42.8,9.15,2024-09-09 00:00:00+00:00,35.888221740722656,45.49408721923828,256.6607360839844,256.7335205078125
42.8,9.2,2024-09-09 00:00:00+00:00,35.888221740722656,45.49408721923828,256.6607360839844,256.7335205078125
42.8,9.25,2024-09-09 00:00:00+00:00,35.888221740722656,45.49408721923828,256.6607360839844,256.7335205078125
42.8,9.3,2024-09-09 00:00:00+00:00,13.202726364135742,22.461807250976562,281.00347900390625,276.4414978027344
42.8,9.35,2024-09-09 00:00:00+00:00,13.202726364135742,22.461807250976562,281.00347900390625,276.4414978027344
42.8,9.4,2024-09-09 00:00:00+00:00,13.202726364135742,22.461807250976562,281.00347900390625,276.4414978027344
42.8,9.45,2024-09-09 00:00:00+00:00,13.202726364135742,22.461807250976562,281.00347900390625,276.4414978027344
42.8,9.5,2024-09-09 00:00:00+00:00,13.202726364135742,22.461807250976562,281.00347900390625,276.4414978027344
42.85,8.5,2024-09-09 00:00:00+00:00,34.29838180541992,39.98593521118164,249.09194946289062,249.44386291503906
42.85,8.55,2024-09-09 00:00:00+00:00,34.29838180541992,39.98593521118164,249.09194946289062,249.44386291503906
42.85,8.6,2024-09-09 00:00:00+00:00,33.70953369140625,39.523014068603516,250.0167999267578,249.74928283691406
42.85,8.65,2024-09-09 00:00:00+00:00,33.70953369140625,39.523014068603516,250.0167999267578,249.74928283691406
42.85,8.7,2024-09-09 00:00:00+00:00,33.70953369140625,39.523014068603516,250.0167999267578,249.74928283691406
42.85,8.75,2024-09-09 00:00:00+00:00,33.70953369140625,39.185462951660156,250.0167999267578,249.56707763671875
42.85,8.8,2024-09-09 00:00:00+00:00,33.70953369140625,39.185462951660156,250.0167999267578,249.56707763671875
42.85,8.85,2024-09-09 00:00:00+00:00,33.70953369140625,39.185462951660156,250.0167999267578,249.56707763671875
42.85,8.9,2024-09-09 00:00:00+00:00,36.236820220947266,40.91507339477539,249.0441436767578,248.8538360595703
42.85,8.95,2024-09-09 00:00:00+00:00,36.236820220947266,40.91507339477539,249.0441436767578,248.8538360595703
42.85,9.0,2024-09-09 00:00:00+00:00,40.199283599853516,43.274932861328125,250.10447692871094,250.05752563476562
42.85,9.05,2024-09-09 00:00:00+00:00,40.199283599853516,43.274932861328125,250.10447692871094,250.05752563476562
42.85,9.1,2024-09-09 00:00:00+00:00,40.199283599853516,43.274932861328125,250.10447692871094,250.05752563476562
42.85,9.15,2024-09-09 00:00:00+00:00,25.9324951171875,37.372440338134766,256.34954833984375,256.633056640625
42.85,9.2,2024-09-09 00:00:00+00:00,25.9324951171875,37.372440338134766,256.34954833984375,256.633056640625
42.85,9.25,2024-09-09 00:00:00+00:00,25.9324951171875,37.372440338134766,256.34954833984375,256.633056640625
42.85,9.3,2024-09-09 00:00:00+00:00,25.9324951171875,37.372440338134766,256.34954833984375,256.633056640625
42.85,9.35,2024-09-09 00:00:00+00:00,19.353139877319336,28.467329025268555,260.3625183105469,260.5377502441406
42.85,9.4,2024-09-09 00:00:00+00:00,19.353139877319336,28.467329025268555,260.3625183105469,260.5377502441406
42.85,9.45,2024-09-09 00:00:00+00:00,19.353139877319336,28.467329025268555,260.3625183105469,260.5377502441406
42.85,9.5,2024-09-09 00:00:00+00:00,25.9324951171875,37.372440338134766,256.34954833984375,256.633056640625
42.9,8.5,2024-09-09 00:00:00+00:00,35.97298812866211,41.316959381103516,247.02725219726562,247.45689392089844
42.9,8.55,2024-09-09 00:00:00+00:00,35.97298812866211,41.316959381103516,247.02725219726562,247.45689392089844
42.9,8.6,2024-09-09 00:00:00+00:00,35.97298812866211,41.316959381103516,247.02725219726562,247.45689392089844
42.9,8.65,2024-09-09 00:00:00+00:00,36.91887283325195,42.259769439697266,246.43458557128906,246.9295654296875
42.9,8.7,2024-09-09 00:00:00+00:00,36.91887283325195,42.259769439697266,246.43458557128906,246.9295654296875
42.9,8.75,2024-09-09 00:00:00+00:00,36.636962890625,43.11892318725586,247.46670532226562,247.9320526123047
42.9,8.8,2024-09-09 00:00:00+00:00,36.636962890625,43.11892318725586,247.46670532226562,247.9320526123047
42.9,8.85,2024-09-09 00:00:00+00:00,36.636962890625,43.11892318725586,247.46670532226562,247.9320526123047
42.9,8.9,2024-09-09 00:00:00+00:00,36.91009521484375,43.0617790222168,249.44387817382812,249.44386291503906
42.9,8.95,2024-09-09 00:00:00+00:00,36.91009521484375,43.0617790222168,249.44387817382812,249.44386291503906
42.9,9.0,2024-09-09 00:00:00+00:00,36.91009521484375,43.0617790222168,249.44387817382812,249.44386291503906
42.9,9.05,2024-09-09 00:00:00+00:00,37.80171203613281,41.67612075805664,250.52960205078125,250.3127899169922
42.9,9.1,2024-09-09 00:00:00+00:00,37.80171203613281,41.67612075805664,250.52960205078125,250.3127899169922
42.9,9.15,2024-09-09 00:00:00+00:00,36.91009521484375,41.33734130859375,249.44387817382812,250.1446990966797
42.9,9.2,2024-09-09 00:00:00+00:00,36.91009521484375,41.33734130859375,249.44387817382812,250.1446990966797
42.9,9.25,2024-09-09 00:00:00+00:00,36.91009521484375,41.33734130859375,249.44387817382812,250.1446990966797
42.9,9.3,2024-09-09 00:00:00+00:00,34.04808044433594,42.23676300048828,250.2238311767578,251.10165405273438
42.9,9.35,2024-09-09 00:00:00+00:00,34.04808044433594,42.23676300048828,250.2238311767578,251.10165405273438
42.9,9.4,2024-09-09 00:00:00+00:00,34.04808044433594,42.23676300048828,250.2238311767578,251.10165405273438
42.9,9.45,2024-09-09 00:00:00+00:00,33.54187774658203,42.366966247558594,257.6046142578125,257.7352294921875
42.9,9.5,2024-09-09 00:00:00+00:00,33.54187774658203,42.366966247558594,257.6046142578125,257.7352294921875
42.95,8.5,2024-09-09 00:00:00+00:00,35.97298812866211,41.316959381103516,247.02725219726562,247.45689392089844
42.95,8.55,2024-09-09 00:00:00+00:00,35.97298812866211,41.316959381103516,247.02725219726562,247.45689392089844
42.95,8.6,2024-09-09 00:00:00+00:00,35.97298812866211,41.316959381103516,247.02725219726562,247.45689392089844
42.95,8.65,2024-09-09 00:00:00+00:00,36.91887283325195,42.259769439697266,246.43458557128906,246.9295654296875
42.95,8.7,2024-09-09 00:00:00+00:00,36.91887283325195,42.259769439697266,246.43458557128906,246.9295654296875
42.95,8.75,2024-09-09 00:00:00+00:00,36.636962890625,43.11892318725586,247.46670532226562,247.9320526123047
42.95,8.8,2024-09-09 00:00:00+00:00,36.636962890625,43.11892318725586,247.46670532226562,247.9320526123047
42.95,8.85,2024-09-09 00:00:00+00:00,36.636962890625,43.11892318725586,247.46670532226562,247.9320526123047
42.95,8.9,2024-09-09 00:00:00+00:00,36.91009521484375,43.0617790222168,249.44387817382812,249.44386291503906
42.95,8.95,2024-09-09 00:00:00+00:00,36.91009521484375,43.0617790222168,249.44387817382812,249.44386291503906
42.95,9.0,2024-09-09 00:00:00+00:00,36.91009521484375,43.0617790222168,249.44387817382812,249.44386291503906
42.95,9.05,2024-09-09 00:00:00+00:00,37.80171203613281,41.67612075805664,250.52960205078125,250.3127899169922
42.95,9.1,2024-09-09 00:00:00+00:00,37.80171203613281,41.67612075805664,250.52960205078125,250.3127899169922
42.95,9.15,2024-09-09 00:00:00+00:00,36.91009521484375,41.33734130859375,249.44387817382812,250.1446990966797
42.95,9.2,2024-09-09 00:00:00+00:00,36.91009521484375,41.33734130859375,249.44387817382812,250.1446990966797
42.95,9.25,2024-09-09 00:00:00+00:00,36.91009521484375,41.33734130859375,249.44387817382812,250.1446990966797
42.95,9.3,2024-09-09 00:00:00+00:00,34.04808044433594,42.23676300048828,250.2238311767578,251.10165405273438
42.95,9.35,2024-09-09 00:00:00+00:00,34.04808044433594,42.23676300048828,250.2238311767578,251.10165405273438
42.95,9.4,2024-09-09 00:00:00+00:00,34.04808044433594,42.23676300048828,250.2238311767578,251.10165405273438
42.95,9.45,2024-09-09 00:00:00+00:00,33.54187774658203,42.366966247558594,257.6046142578125,257.7352294921875
42.95,9.5,2024-09-09 00:00:00+00:00,33.54187774658203,42.366966247558594,257.6046142578125,257.7352294921875
43.0,8.5,2024-09-09 00:00:00+00:00,37.351627349853516,42.347084045410156,243.68197631835938,244.3063507080078
43.0,8.55,2024-09-09 00:00:00+00:00,37.351627349853516,42.347084045410156,243.68197631835938,244.3063507080078
43.0,8.6,2024-09-09 00:00:00+00:00,37.351627349853516,42.347084045410156,243.68197631835938,244.3063507080078
43.0,8.65,2024-09-09 00:00:00+00:00,39.44424057006836,44.114322662353516,243.4350128173828,243.85321044921875
43.0,8.7,2024-09-09 00:00:00+00:00,39.44424057006836,44.114322662353516,243.4350128173828,243.85321044921875
43.0,8.75,2024-09-09 00:00:00+00:00,39.44424057006836,44.114322662353516,243.4350128173828,243.85321044921875
43.0,8.8,2024-09-09 00:00:00+00:00,40.10406494140625,45.912349700927734,245.0452880859375,245.44451904296875
43.0,8.85,2024-09-09 00:00:00+00:00,40.10406494140625,45.912349700927734,245.0452880859375,245.44451904296875
43.0,8.9,2024-09-09 00:00:00+00:00,38.30575942993164,45.05756378173828,248.49850463867188,247.94351196289062
43.0,8.95,2024-09-09 00:00:00+00:00,38.30575942993164,45.05756378173828,248.49850463867188,247.94351196289062
43.0,9.0,2024-09-09 00:00:00+00:00,38.30575942993164,45.05756378173828,248.49850463867188,247.94351196289062
43.0,9.05,2024-09-09 00:00:00+00:00,37.58510208129883,42.59881591796875,249.82925415039062,249.7272186279297
43.0,9.1,2024-09-09 00:00:00+00:00,37.58510208129883,42.59881591796875,249.82925415039062,249.7272186279297
43.0,9.15,2024-09-09 00:00:00+00:00,37.58510208129883,42.59881591796875,249.82925415039062,249.7272186279297
43.0,9.2,2024-09-09 00:00:00+00:00,37.710750579833984,42.38837432861328,249.3158416748047,249.10215759277344
43.0,9.25,2024-09-09 00:00:00+00:00,37.710750579833984,42.38837432861328,249.3158416748047,249.10215759277344
43.0,9.3,2024-09-09 00:00:00+00:00,40.30070877075195,46.67521667480469,251.2412567138672,251.56495666503906
43.0,9.35,2024-09-09 00:00:00+00:00,40.30070877075195,46.67521667480469,251.2412567138672,251.56495666503906
43.0,9.4,2024-09-09 00:00:00+00:00,40.30070877075195,46.67521667480469,251.2412567138672,251.56495666503906
43.0,9.45,2024-09-09 00:00:00+00:00,44.98271560668945,51.96983337402344,259.8592529296875,259.62420654296875
43.0,9.5,2024-09-09 00:00:00+00:00,44.98271560668945,51.96983337402344,259.8592529296875,259.62420654296875
